recommend,time,Authentication,account,article_lately,name
"各类美妆护肤种草清单,大牌深度解说,新品咨询以及网红产品评测,带你从美妆新手到高级玩家!",2019-06-20 17:57:48,"
上海才加网络科技有限公司",riben-pc,"别瞎买,这些面膜全部不合格!",八芥美妆
"努力打造全面的美妆护肤资讯!各种产品种草、评测,带你一起变美不踩雷!想看各种产品试色,比别人更快变美,就快来关注吧!",2019-06-20 15:58:23,"
上海才加网络科技有限公司",riyudongyuan,半个娱乐圈都在穿的鞋子?!!你确定不来一双吗?!!,Cosmetic美妆大赏
期待与你们一起 遇见更美好的自己...,2019-06-20 12:25:36,"
南京何弃疗文化传媒有限公司",mzs878,今年最美限定诞生!拥有它不仅提升了颜值还增加了一份责任感…,Lisa的美妆日记
专业种草!提供潮流时尚的美妆资讯.分享时尚实用的护肤美妆知识与评测.一个用心写内容的美妆时尚号.,2019-06-20 15:35:30,"
上海宙昊贸易有限公司",Rionahf,"均价10元的NOME爆火,物美价优堪比MUJI!?",NANA全球美妆
"一个告诉你世界各地什么好用的公众号!只买对的、靠谱的,不花冤枉钱!剁手族指南!每一篇文章都是良心评测和推荐,亲身试验全世界的口碑好物是否真的好用!不只是测评护肤品化妆品,时尚服饰类也有喔~",2019-06-18 18:03:52,"
上海才加网络科技有限公司",smzdm-rb,"618钱包危机预警,裸价血拼!一战到底!",大V美妆
"你想知道的变美小心机,都藏在六六的美妆日记里!",2019-06-20 21:33:07,"
厦门飞博共创网络科技股份有限公司",imei66,"80 块就能买到的美眼仪,按摩+导入,还能消水肿?!",六六美妆日记
"每天口红试色,口红资讯,以及更多变美干货.让你变美不踩雷~",2019-06-18 16:59:28,"
上海才加网络科技有限公司",ikh520,嗨爆音乐节!!!要够时髦也要敢撒野!!,DrRay的美妆情报局
"喜欢吃、喜欢玩、爱化妆、爱八卦,这就是我!点“关注”,每天我都会在这分享化妆、护肤心得!各种八卦热点我们都可以一起讨论哦!希望每一个妹子,在这都能学会化妆,越变越美~",2019-06-16 10:01:03,"
广州瓷妆化妆品有限公司",czmzcz,"送福利| 每天被问300遍618买什么,答案在这里!",Alice美妆
"最好用的护肤产品,最新鲜的美妆资讯,全球好货这么多,我来帮你挑!",2019-06-20 18:00:10,"
上海如音网络科技有限公司",chanshi-zmz,"昔日“土黑圆”现成“整容模板”,蜕变后的石原里美成功登顶日本美...",Grace全球美妆
"全国首个专注探讨中国3000年美妆文化与文化IP营销的内容平台,正在进行“2019美妆文化年”国家传统文化传承项目,以图书、短视频、文化展、IP跨界合作等方式,向全球传播中国美妆文化,助力国货品牌文化增长.",2019-06-14 20:09:17,"
上海智颉品牌管理有限公司",meizhuangbowuguan,历史馆 | 清朝两餐制打造你的“小蛮腰”,美妆博物馆
美妆新零售互动平台,2019-06-20 21:14:02,"
中國美妝雜誌社有限公司 CHINA BEAUTY MAKE-UP PERIODICAL OFFICE LIMITED",cctop100,海洋天然成分的化妆品热度正在持续上升,中国美妆网
"快手知名电商主播雨姐,坐拥200多万粉丝,大家多多支持!!!",,"
北京佳衣舍服饰有限公司",yujie8569,,美妆雨姐
"Dealmoon北美省钱快报旗下美容时尚频道,原北美美容快报公众号",2019-06-21 08:00:46,"
新月亮网络科技(北京)有限公司",dealmoonbeauty,"Zara夏季大促低至5折,T恤$9起,今夏热门美衣都在这里了!",北美美妆时尚控
"《嘉人美妆》,国内唯一一本具有国际视野和品质的100%实用美妆杂志.让小嘉带你进入最专业最好玩的美妆世界!",2019-06-19 13:00:24,"
中国体育报业总社",jiarenmeizhuang_cn,秦岚宋祖儿被＂镜像＂骗!测测镜子里的你和真实长相差多少?,嘉人美妆
还在担心不知道怎么化妆吗?现在开始教你从零开始学化妆!有任何彩妆问题;潮妆达人在线解答;随时互动!爱美的MM们一定要关注哦!商务洽谈Q:800134700,2019-06-16 00:02:33,"
金华每日商贸有限公司",huazhuang32,"《中餐厅》里的赵薇可以出一本编发集了!简直是减龄大改造啊,太犯...",美妆步骤
"美妆心得APP,优质的美妆社区,女生的口袋消费指南! 公众号由美妆颜究室室长常年驻扎,欢迎随时勾搭.",2019-06-20 10:54:54,"
杭州贝宇网络科技有限公司",meizhuangxinde,黄皮种草 | 快收了这七支口红!,美妆颜究室
为寻找一份回忆!百年国货经典!欢迎分享!,2019-06-15 16:59:24,"
吴中区木渎蓝妆化妆品店",blueguohuo,6月新品·携手618活动  |  一抹夏的清凉,蓝色小屋国货美妆网店
"购物到凯达,美丽你我她!",2019-06-19 11:39:45,"
张掖市金凯达商贸有限责任公司",kaidarihua,快来吧!这是一份真挚的工作邀请!!!,凯达美妆
"发现美,发现美德.",2018-05-30 11:14:51,"
兰州立德生物科技有限公司",lzldmz,欧诗漫亚欧员工内购会,立德美妆
"种草各类口碑美妆护肤品,分享每一款让女生窒息的好物,带你从美妆新手到高级玩家!",2018-09-25 18:34:59,"
东莞市米来科技服务有限公司",bugubest,3岁美妆博主忽然上线!老阿姨我赶紧买30支口红压压惊!,布谷美妆
"关注潮美妆师,每天打扮的美美哒",2019-06-21 08:05:18,"
长沙浪花文化传播有限公司",topmm7,自然又耐看的中长发,style美妆汇
"掌上全球美妆,网红产品介绍,全球好货推荐,最新优惠放送,关注我们,获得最新资讯吧!",2019-06-17 18:28:20,"
泛思(深圳)电子商务有限公司",fancystore2013,"“我今年25岁,可不可以用秦岚、赵薇、王菲同款的POLA极光精华?...",掌上全球美妆
"关注欧亚美妆,将潮流资讯,美肤心得,优惠信息等精彩内容一手掌握! 主营品牌:欧莱雅、美宝莲、悠莱、佰草集、梦妆、泊美、Za、巧迪尚惠、柏氏、春纪、白皙、京润珍珠、泉润. 原装进口品牌:谜尚、恋火、爱丽小...",2019-06-20 10:34:18,"
宝鸡市陈仓区虢镇新欧亚美妆店",CTH13309176689,"欧亚美妆618嗨爆全场!香水会员免费领,非会员加3.9领取 更有清仓...",新欧亚美妆
"有趣、时髦的美妆,精致的生活,认真过好每一天.",2019-06-19 17:24:29,"
青岛富尔润倪商贸有限公司",NAIRELIGION,"618返场狂欢不停,你要的优惠都在这里!",奶家美妆
该账号由上海舒珊娜化妆品有限公司提供,2019-04-24 16:47:49,"
上海舒珊娜化妆品有限公司",ssn2002,"新品上市|婕婷轻透防护隔离乳,不只是防护!",舒珊娜美妆
"涵瑛化妆名品十七年老店,现主要经营品牌丸美、珀莱雅、美肤宝、韩后、薄美克眼霜、佰草集、相宜本草、百雀羚、欧莱雅、一品清泉、MCC、凯芙兰、茹妆等等、涵瑛理念:保正真品、始终如一!",2019-05-10 14:27:01,"
商丘市梁园区涵瑛化妆品店",hyrh15603702298,"【涵瑛美妆】母亲节专享福利;给妈妈最永恒的爱,让妈妈永远美下去...",涵瑛美妆
佳人有约化妆品连锁诚信 专业 时尚!品牌荟萃种有一款适合您!护肤 美容 保健 彩妆香水 个人洗护各尽所需!,2019-06-16 09:58:54,"
无锡市佳人有约日用百货商店",jryy2004,"【佳人有约】618年中大促,最热囤货清单!",佳人有约美妆
"美在心,美在此,美就在天香!批发的价格,零售的服务.打破化妆品暴力坚冰 .誓将化妆品折扣进行到底.店内集合了国内外各大知名品牌,应有尽有!欢迎光临天香美妆名品折扣店.",2019-04-19 09:35:14,"
兴平市天香美妆旗舰店",TianxiangMZ,"【天香美妆】转发免费领香水,第二件5.1折,名品第二件51元,五一...",天香美妆名品折扣店
"最专业的女性流行服饰搭配平台、为您在一年四季穿衣搭配提供最时尚、最前沿的流行时尚资讯,掌握服装搭配技巧,了解当前最流行服饰搭配.",2019-04-18 17:01:29,"
山西山信科技有限公司",feijidazhan,"春夏穿搭 | 衬衫+牛仔裤,轻松简单的时髦",美妆潮流穿搭
和美媗 用心创造美!,2019-04-12 16:11:47,"
伊通满族自治县伊通镇和美媗时尚美妆",sxhhmx,"和美媗美妆~清仓最后8天,会员进店免费领植物水啦 ……",和美媗时尚美妆
雪玛丽专业美妆工具——美丽好妆扮!,2018-12-22 13:44:01,"
广州雪贝儿美妆用品有限公司",xuemary-,分享图片,雪玛丽美妆工具
"1、全球畅销化妆品一手货源批发,提供最前沿时尚化妆品资讯. 2、诚招全球各地代理,总经理V信:2754045062.3、分享全球化妆品专业推广经验和使用心得.",2019-05-07 22:08:23,"
惠举实业(上海)有限公司",gh_a5882cd65cc7,宫中秘策Goongbe韩国婴儿宝宝乳液保湿滋润润肤洗护套组,惠举实业美妆
"俯仰无愧天地,褒贬自有春秋!",2019-01-13 10:25:02,"
威海经济技术开发区梦威韩品店",MHSD80after,"香妃张嘉倪的秋冬护肤攻略,白菜价的原辰水乳就搞定了!",梦威国际美妆
"永乐美妆连锁---你身边的美容护理顾问,传播美的使者,致力于为消费者提供优质实惠的产品.",2019-06-18 09:30:34,"
西安市鄠邑区永乐美妆时尚店",yongle5558,"【永乐美妆】会员日遇上年中大促,护肤彩妆4.9折起,限量秒杀、特...",鄠邑区永乐美妆
"珂芝蓝-以市场为导向、以消费者为中心,遵循市场规则,做消费者喜欢信赖的产品.让品质塑造品牌,让服务成就未来.",,"
成都珂芝蓝生物科技有限公司",gh_78cb0f771072,,珂芝蓝美妆商城
"分享各种美妆小技能,种草各种美妆小单品,据说全世界不到1%的关注了S,你一定会成为最漂亮的那个小公举",,"
雪莉换发色,无眉素颜直播,颜值暴跌!“人间水蜜桃”崩了?document.write(timeConvert('1561027901'))
",StyleMZh,,Style美妆
"《昕薇》杂志美妆版,无限福利,无限试用,美妆控必备圣经,带你变美带你飞,总之美妆的一切,有我们就够了!",,"
解救“犯困星人”的魔性眼妆连获好评!S姐放大双眼仅靠3个神技能...document.write(timeConvert('1561021213'))
",vivibeautygirl,,昕薇美妆
"欢迎关注新宇美妆公众账号,很高兴为您服务",,"
【朵宁//新宇美妆】618年中大促疯狂启动,5000瓶空气清新剂免费送...document.write(timeConvert('1560590259'))
",gh_cb6b14cf1b02,,新宇美妆
彩妆 护肤 面膜,,"
【雅琪美妆】会员日让你任性购!15、16日会员持卡进店免费领取会员...document.write(timeConvert('1560480076'))
",anxinyaqi,,雅琪美妆
化妆品探索发现,,"
【虹螺岘南方化妆品】端午节粽情让利,凭当日购物小票满9.9元 驱蚊...document.write(timeConvert('1559664043'))
",nfmzc1228138481,,南方美妆城
美丽从这里开始,,"
【娇兰美妆】6.16父亲节;6.18嗨购节;6.18-20会员节;护肤彩妆2件...document.write(timeConvert('1560466942'))
",jiaolan586-,,娇兰美妆
时尚低价,,"
儿童节的礼物,来小样document.write(timeConvert('1559291554'))
",gh_3ff50cc58aa8,,小样美妆
"潮搭美妆, 分享时尚资讯,做精致女人.",,"
睡觉时打呼磨牙流口水,可能是身体在暗示……document.write(timeConvert('1561005035'))
",zyy-zyy22-,,潮搭美妆
济南好韵来化妆品公司是一家集销售、管理、培训、策划为一体的专业化化妆品代理公司.代理:、国品巧茜妮、新势力洗发水、亮荘发水、伊兰缇彩妆!韩国封面故事面膜、颜裳彩妆 公司宗旨:传播美丽 好韵生活 口号:携...,,"
2019年完美宝贝母婴生活馆 9.9元购2公斤桶装婴幼儿洗衣液1桶68元巧...document.write(timeConvert('1561046430'))
",hylhz2015,,齐鲁美妆潮品
"一家有灵魂的复古国货美妆店,我贩卖的只是一段可以记起的安然时光.",,"
分享图片document.write(timeConvert('1560921966'))
",joy_amigo,,开心阿米果国货美妆
"美妆控聚集地,分享最新鲜的美妆资讯、最时尚的穿搭和生活灵感!Jin酱陪你一起成长~",,"
为了拥有一口好牙,这两样神器你值得入手!document.write(timeConvert('1560736125'))
",zhishi78,,Jin酱的美妆日记
主要经营范围:护肤品、彩妆及各类生活用品,,"
【天美妆品】6.18年中大庆!3.9元抢购价值23元芯事卫生巾每人只限1...document.write(timeConvert('1560620691'))
",gh_7e97f67f867f,,天美妆品
分享一些护肤美妆变美的经验哦,,,mzdrcindy,,美妆达人cindy
指导护肤、专注美妆、分享时尚,,"
这几款性价比非常高的化妆水,不知道你都用过哪几款呀?document.write(timeConvert('1561045971'))
",K2KKK2-,,Seven聊美妆
"每天学点美妆小知识,女人就要美美的.没有丑女人,只有懒女人.",,"
火了!现在微信挑战运动步数居然能赚钱!你知道吗?!document.write(timeConvert('1560998136'))
",mzxkt123,,美妆小课堂
"本铃铛妈咪美妆铺全部正品销售...膜西密语市级代理权,一直美一级代理权,茜茜雨露厂家直供,TST销售权",,"
西安鄠邑区这家美容会所干了这事!让所有女人都坐不住了...document.write(timeConvert('1560963273'))
",mei13314,,铃铛妈咪美妆铺
"零基础学化妆,剁手党美妆好物购物清单",,"
这里是被遗落的南亚秘境,不知雾霾为何物,每年仅接待7500名游客document.write(timeConvert('1486958797'))
",jiemomz,,芥末美妆
"人生难得一伴侣, 人生难得一知己, 人生难得一颗心, 人生难得一个你!",,"
把大米炒一下,竟成了一味药!刮走肠道毒素垃圾,大肚子消失不见!document.write(timeConvert('1560768274'))
",C1213402008,,星座美妆达人
"世界上不是缺少美,而是缺少修饰.运城如意美妆为您缔造美丽神话,点燃您的靓丽丰采,洗掉万般愁容,剪出辉煌人生.让你拥有天使的脸蛋,魔鬼的身材,迷人的笑容,非凡的气质.",,,yc_rymz,,运城如意美妆
"个人护理,彩妆.日用",,"
洋河南镇南方化妆城【夏季洗沐节】献礼!document.write(timeConvert('1560410298'))
",gh_1c32d9c0bc4f,,左卫美丽奇迹美妆店
本店经营欧诗漫;自然堂;美肤宝;温碧泉;雅丽洁;卡姿兰;火烈鸟彩妆等,,"
【信鹏美妆】欢度儿童节!全场任意购物61元+9.99换购儿童扭扭车1部...document.write(timeConvert('1559219704'))
",xpzy2000,,信鹏健康美妆
美容、美体、纹绣、减肥!!!,,"
【7号美妆】会员专享,转发朋友圈集即可参加document.write(timeConvert('1543334443'))
",xfmz-888,,香妃美妆
聚美美妆主要代理品牌有:美素、温碧泉、韩束、梦妆、澳洲赫拉、馥珮、巧迪尚惠、韩国VOV、韩妆依她、高夫、相宜本草、曼秀雷敦、妮维雅、OK原液、自然宣颜、俏皇妃、小样面膜、哆啦A梦、一叶子面膜、法国歌歌...,,"
聚美美妆四周年店庆啦~document.write(timeConvert('1541235923'))
",JMMZ5858,,聚美美妆
"男人的世界里有女人,女人的世界里有女神,小气质大女神,带你了解女人,走向女神!让自己漂亮是每个女人的责任,每天为你分享最火的时尚星闻,还有最fun的穿搭示范!",,"
亿万星辰说爱你4document.write(timeConvert('1533521733'))
",aaq986,,Style美妆范
"感谢你关注本色美妆,你第一时间可获取更多护肤彩妆技巧!这是打造魅力女人的公众平台",,"
民业超市五一聚惠任性购document.write(timeConvert('1556278290'))
",bensemeizhuang,,本色美妆城
"在变美的路上,踩过雷,掉过坑吗.不要怕!这里有你想知道的,不知道的全部话题.从今天开始关注我们,点亮你的美~",,"
眼部小熨斗!document.write(timeConvert('1531376044'))
",xixilimeizhuang,,西西里美妆
诚信商家 以诚为本,,,changlongmeizhuang,,常隆美妆
"姐妹们还在网淘和海淘徘徊在山寨和假货之间吗?赶快加入“国际美妆”享受实体店专柜服务,国际大品牌品质,微商的价格! 护肤:美肤宝、法兰琳卡、韩国韩雅、茜茜雨露... 彩妆:兰瑟、玛丽黛佳... 香水:A.ander、朗金...",,,gjmz008,,国际美妆
"关注公众号及时接受最新品牌咨询、护肤彩妆技巧分享、产品咨询、趣味互动,给你不一样的美丽体验~",,"
他说,女人的双眼是一个“迷”document.write(timeConvert('1542709461'))
",zhilingmask,,Zhiling美妆
澳众传媒旗下品牌--墨尔本缤纷美妆,,,colorstopbeauty,,墨尔本缤纷美妆
创造更美的自己~,,"
【振华美妆】--2018欢乐中国年元旦献好礼<正品低价超值购>进店免费...document.write(timeConvert('1514729677'))
",zhenhua--1996,,振华美妆
香港美妝公司 淘寶搜索:JANN美妆http://ladyjane1992.taobao.com 推广合作请联系(微博:JANN美妆)www.jannba.com,,"
最近 朋友圈在伙伴都在打卡一个叫颜如玉的胶原低聚肽,那么颜如玉究...document.write(timeConvert('1528520398'))
",JANNHK,,JANN香港美妆
"D&K studio长期招收对化妆造型有兴趣且未来计划在时尚化妆领域发展的学员,优秀的毕业学员有机会成为D&K studio的一员.D&Kstudio,会给你一个广阔的发展前程.",,"
近日火热电影反贪风暴4里的著名港星 郑嘉颖 在2013年就开始与我们D...document.write(timeConvert('1554446366'))
",WuZhang113670,,海云美妆造型
日用品、化妆品、彩妆、香水、美甲、美容,,"
【千寻美妆】店面升级,一降到底,全场不止是5折!document.write(timeConvert('1559454578'))
",qianxunmeizhuang1,,千寻美妆化妆品店
用心做美妆功课的人.,,"
这个冬天最好用的底妆,我帮你挑出来了!document.write(timeConvert('1543582507'))
",fangexiaohao,,美妆凡凡
"关注我教你学化妆让你变美丽,都要关注顶尖美妆达人噢!",,,djmz99,,顶尖美妆达人
安全、环保、健康的环保超市产品分享;养生资讯,,"
为什么建议你不要轻易买保险?别人的掉坑血泪史你得知道document.write(timeConvert('1560357461'))
",momomz2014,,莫莫美妆
"分享与咨询养颜、护肤、美妆小技巧,提供海量品牌免费试用产品,还有定期活动可领取赠品,还不关注小西?!",,"
免费送手工皂啦,限量1000份,手慢无!document.write(timeConvert('1492652708'))
",xihumeizhuang,,西湖美妆
分享美妆信息,,,meizhuangbulei,,美妆从此不再累
美容和化妆!从零起步学化妆!没有丑女人;只有懒女人.与你一起分享专业美容;护肤;化妆技巧;让我们一起做美丽女人,,,meilab520,,美妆研究所
温哥华美妆学院 Vancouver Institute of Beauty,,"
这周末10月5-7日温哥华万圣节大游行十大精彩,错过又要等一年!document.write(timeConvert('1538416525'))
",gh_537358588892,,温哥华美妆
达风美妆店铺官方微信,,"
我终于知道了樱花妹子化妆好看的最强秘诀document.write(timeConvert('1517196585'))
",dafengmeizhuang,,达风美妆
"●ω●爱深扒成分深挖行情的猫奴一名,偶尔犯二的乐天派铲屎君 图+文治疗各种患懒癌的美妆小白,360度提拉紧致你的美肌姿态 没淘宝,不卖货,不做广告,纯粹分享 某排名前3的彩妆公司资深产品汪,专啃化妆品多年.",,,smartcosme,,肥迪啃美妆
weixin客服:costip87392337或eunice_pang;电话:020-87392337;13392672107 地址:广州越秀区寺右新马路133号深华大厦2107(五羊邨地铁D出口楼上)公司经营美妆培训;新娘化妆;高清喷枪等,,,costipmakeup,,廣州美妝主義工作室
"分享养颜、护肤、化妆、搭配的小技巧.关注@美妆护肤学堂,让菇凉们皮肤越变越好,越变越美!",,"
新年快乐 | 点击领取2018年高逼格的新年祝福document.write(timeConvert('1518259407'))
",mzhfxt,,美妆护肤学堂
"美妆自媒体情报站!和50万剁手军团一起变漂亮!听AKUMA扒护肤、彩妆、吃的、用的无所不包,知道什么值得买,常常有福利!(.・`ω´・)同时还有@Cosme大赏、东京时尚、文化、海淘、旅游、美食、动漫、日剧资...",2019-06-19 08:00:43,"
上海麦迪文网络科技有限公司",ibuyer520,没钱做医美?拯救粗毛孔其实还有这些方法!,美妆AKUMA
"喜欢美妆,护肤,种草的小仙女们,快来和Yuki一起变美吧!",2019-06-20 21:05:41,"
南京小小志文化传媒有限公司",mzsj079,90%的人都不会涂口红!没涂对真的很显low你知道吗!,Yuki的美妆手记
一个实用又有趣的美妆号,2019-06-20 11:04:07,"
长沙瞬间文化传播有限公司",Yukidemz,脱毛反而越脱越粗?教你一招温和除毛!,小西的美妆日记
"美妆视野是广州品德传媒广告有限公司旗下化妆品行业新媒体,美妆新零售资讯平台,美妆品牌新动态,为行业赋能.",2019-06-20 20:01:27,"
广州品德传媒广告有限公司",pd2019L,口碑炸裂丨《湖南卫视》主持人沈梦辰强烈种草兰瑟小红管!,美妆视野
"名称只是个代号,其实我是个老斯基嘿嘿嘿",2019-06-20 11:35:45,"
广州千晓网络科技有限公司",ooop945,其实冬天也蛮好的,新氧美妆屋
"贫民窟女孩洗头很累,化妆很费,现在蕉你用最少的钱变美变白.",2019-06-20 20:35:10,"
广州美哒传媒有限公司",djjmakeup,如何拓宽朋友圈,杜蕉蕉美妆日记
欢迎关注!每天分享穿搭、美妆、情感知识!让你成为更美的自己!,2019-06-20 09:10:14,"
吉安千翼网络科技有限公司",gh_6dc8bca49d77,"42岁林心如出轨,决定退出娱乐圈,霍建华居然说...",透亮美妆
"让美妆更有趣,让败家更理性.",2019-06-20 19:18:03,"
海口龙华芙雅文化信息咨询服务部",bajiefashion,"买一送一的洁面慕斯!轻松吸走黑头粉刺,让你素颜也能自带妆容!",扒姐美妆
专注美妆时尚、服装搭配!,2019-06-20 18:03:26,"
惠州市开心物语科技有限公司",gh_0381865fc513,"剪了减龄刘海,看上去却显老了?",伊心美妆
"400万粉丝及护肤达人共同关注,IFA国际芳疗师、国家二级营养师,从根源分析皮肤问题,用独特的护肤理念,让你越来越美!",2019-06-20 14:00:49,"
南京阿奴生物科技有限公司",Alinda-anu,"夏季消暑好物推荐,打开降10℃的那种.",Alinda美妆食堂
"帮您抚平皱纹,淡斑美白,延缓衰老,祛皱紧致,各种问题肌肤护理,您掌上的美妆达人",2019-06-20 12:04:40,"
广东百狮通信息技术有限公司",meizdar,"最牛3大富二代,王思聪仅第3名!排名第1的身价近千亿!",美妆达人小推荐
欢迎关注!每天分享穿搭、美妆、情感知识!让你成为更美的自己,2019-06-15 09:10:17,"
广州雅书文化发展有限公司",gh_311a43cc1359,"42岁林心如出轨,决定退出娱乐圈,霍建华居然说...",贝特美妆
欢迎关注!每天分享穿搭、美妆、情感知识!让你成为更美的自己!,2019-06-15 09:10:16,"
吉安千翼网络科技有限公司",gh_26e31528a18d,"42岁林心如出轨,决定退出娱乐圈,霍建华居然说...",高定美妆
欢迎关注!每天分享穿搭、美妆、情感知识!让你成为更美的自己!,2019-06-20 14:00:51,"
吉安千翼网络科技有限公司",gh_2b540fcca74a,郭德纲:远离劝你大度的人,素养美妆
欢迎关注!每天分享穿搭、美妆、情感知识!让你成为更美的自己!,2019-06-15 09:10:15,"
吉安千翼网络科技有限公司",gh_625b435a18a5,当你感到孤单或者孤独时怎么办?,赫本美妆
欢迎关注!每天分享穿搭、美妆、情感知识!让你成为更美的自己!,2019-06-20 09:10:32,"
吉安千翼网络科技有限公司",gh_7176c68a2eaa,郭德纲:远离劝你大度的人,源源美妆
欢迎关注!每天分享穿搭、美妆、情感知识!让你成为更美的自己!,2019-06-19 09:10:13,"
广州雅书文化发展有限公司",gh_d85116226ab4,"▷致自己,永远做最善良的人!",百搭美妆
"点击下方【关注】,帮你找到想听的歌!【商务合作】请联系QQ:180194821",2019-06-21 06:16:30,"
厦门魔米网络科技有限公司",gh_4aae6abfb8cd,"祁隆这一首歌,终于找到现场版了!1000人听,999人醉~",美妆养颜圈
欢迎关注!每天分享穿搭、美妆、情感知识!让你成为更美的自己!,2019-06-16 08:01:29,"
广州雅书文化发展有限公司",gh_15e592e2f6da,你和老公差几岁:你的婚姻和家庭就什么样(很准),心苑美妆
"点击下方【关注】,帮你找到想听的歌!【商务合作】请联系QQ:180194821",2019-06-12 08:40:47,"
厦门山海联文化传媒有限公司",gh_3e4a6f246023,◉三个儿媳妇把婆婆扔在河里◉太气愤◉,美妆潮流派
每天分享穿搭、美妆、情感知识!让你成为更美的自己!,2019-06-18 12:20:42,"
广州雅书文化发展有限公司",gh_459ca0df8ecb,"离婚2年前夫哭求复合:烂婚姻,千万别回头!",南枫美妆
"不会化妆的女孩子没有未来,和测评菌一起变美吧!ヾ(✿ﾟ▽ﾟ)ノ",2019-06-19 21:01:42,"
深圳市诺华尼克电子有限公司",fishqcbeauty,"夏季脱妆成狗,这些雷区不要踩",美妆测评菌
欢迎关注!每天分享穿搭、美妆、情感知识!让你成为更美的自己!,2019-06-17 14:01:13,"
吉安千翼网络科技有限公司",gh_074905da54b3,"热水泡脚,养生还是害己?看完这篇文章,你就明白了!",蓝粉美妆
欢迎关注!每天分享穿搭、美妆、情感知识!让你成为更美的自己!,2019-06-20 09:10:27,"
吉安千翼网络科技有限公司",gh_5bf34be450d1,"42岁林心如出轨,决定退出娱乐圈,霍建华居然说...",黛汝美妆
欢迎关注!每天分享穿搭、美妆、情感知识!让你成为更美的自己!,2019-06-21 09:10:14,"
广州雅书文化发展有限公司",gh_6980a6a5d7c5,"42岁林心如出轨,决定退出娱乐圈,霍建华居然说...",西汐美妆
欢迎关注!每天分享穿搭、美妆、情感知识!让你成为更美的自己!,2019-06-20 14:02:16,"
广州雅书文化发展有限公司",gh_df06e25fc36c,"乳*房*不摸,早晚被...",欧黛美妆
"点击“关注“,开始玩游戏,赢口红!“集碎片赢口红”小游戏是一款免费游戏!",2019-05-13 20:53:07,"
吉安千翼网络科技有限公司",gh_6d3b2d8122cc,你有一只MAC口红待领取!,公主日记美妆
欢迎关注!每天分享穿搭、美妆、情感知识!让你成为更美的自己!,2019-02-21 21:18:43,"
广州雅书文化发展有限公司",gh_47ff0d0d0cfd,"3款小众不失风度的香水,得到就是女王",小喵美妆
"哈喽,小竹妹已经等候多时了!韩塑美业官方公众号.每天更新护肤、美容、健康知识!小竹妹的目标是:给小仙女们健康又专业美容护肤指导,打造年轻新一代健康护肤专业平台!",2019-06-20 20:11:03,"
广州韩塑美业科技有限公司",gh_e0d6b60b4953,化妆师才知道的口红不脱妆方法!,Pony美妆手记
"美妆,护肤,一网打尽.在这里,你只会越来越美~",2019-06-19 23:45:25,"
杭州麦远网络科技有限公司",cosme66,"这个全能锅越早买越幸福!,美食博主都爱用!",Cosme大赏之美妆
"为你选最好的,帮你变最美的",2019-06-20 16:47:57,"
格子优品(天津)科技有限公司",topforu2018,一秒问答丨在耳后做过敏测试准确吗?,TopForU美妆团
喵酱美妆星球,2019-06-20 18:20:28,"
经济技术开发区格维文化用品经销处",gh_03f488afa11e,日常上新 | 618劫后的避坑指南,喵酱美妆星球
给大家提供性价比高的日本美妆类产品,2019-06-19 19:55:47,"
天津晟鑫进出口贸易有限公司",gh_48eda59f61bd,"既然想入手,那么不深挖一下美容仪的几大原理怎么行?",晟鑫日本美妆铺
"美妆供应链是一个聚焦化妆品供应链,关注化妆品行业现状,探讨化妆品行业热点问题,传达供应链最新资讯,报道及推广更多与供应链相关内容的平台.",2019-06-20 20:57:50,"
广东加佳美展览股份有限公司",CIBE_MG,"防晒再“掐架”,环保组织vs护肤行业",美妆供应链
给童鞋们科普美妆文化,,"
唐山华伞网络科技有限公司",sxcdmzrj,,BD美妆
【商务合作】请联系QQ:180194821,2019-06-21 08:02:22,"
厦门丰易顺网络科技有限公司",gh_0288e7eee2bb,"《118首老歌联唱》,太经典了,还是老歌好听!",美妆健康贴士
"专业种草!提供潮流时尚的美妆资讯,带你一起变美不踩雷!一个用心写内容的美妆时尚号.",2019-06-20 19:30:13,"
长沙美美服装有限公司",luoqinaqian,"你看着比别人老10岁是因为它?年轻不止看脸,你还需要避免这个!",罗浅浅美妆
【商务合作】请联系QQ:180194821,2019-06-21 07:01:52,"
厦门虾壳信息科技有限公司",gh_fe03c6ed143a,《哥哥真心把你爱》实实在在好听极了,悦读美妆说
"橘子菌,一个时尚的美妆达人,在这里,橘子菌将会分享日常美妆干货.想成为更美的自己,跟着橘子菌一起来吧~~~",2019-06-20 06:32:29,"
海口龙华蒂漫文化信息咨询服务部",mzjuzijun,"这些超可爱的小物件,9.9还包邮,贫民窟女孩看过来!",美妆橘子菌
"为您提供最适合中国人肌肤的植物美妆护肤技巧,不管你是一个爱美妆的小美女,还是被干燥、过敏性皮肤问题困扰,亟待解决的宝妈,我们都能为您提供满意的解决方案.让您尽情享受高“肤质”的生活.",2019-06-19 13:20:59,"
北京乐肤生物科技有限公司",xiehebyc,"玻尿酸保湿亮颜活肤水,提亮肌肤 改善幼纹",植物美妆护肤
"我有一个魔法棒,变美变白变漂亮. 一个让普通人也能变美的美妆号! 美妆、种草、护肤... 你想要了解的, 我这里都有.",2019-06-20 18:08:27,"
锦江区素美尔网络工作室",makeupguoguo,"你看着比别人老10岁是因为它?年轻不止看脸,你还需要避免这个!",韩果果美妆
五月美妆MCN 优质的美妆垂类MCN机构. 4500万粉丝助力美妆品牌成长. 合作V:wuyueyingxiao.,2019-06-11 18:26:39,"
广州清栀时尚文化传播有限公司",wuyuemeizhuang,听说五月美妆来了新的小哥哥小姐姐?先看这张成绩单!,五月美妆
"变美,关注种草菌就对了~",2019-06-05 19:57:41,"
特有故事(北京)文化传媒有限公司",gh_da3366e5e6f3,"巴掌大胶囊伞!40℃烈日都晒不黑!抗99%紫外线,欧阳娜娜都在用",美妆种草菌
"广州雅升生物科技有限公司官微. 好草、好物、好姿势、扒皮,偶尔发发媸!",2019-03-08 21:00:01,"
广州雅升化妆品有限公司",yalasuooo,"拼了老命抢来的,送给我最爱的女王~~",雅升美妆
美美天下美妆,2019-06-19 19:15:58,"
青羊区捷富网络工作室",gh_9de9fa12741e,"凭直觉选5张牌,测你在他的心里,还有位置吗?超准~",美美天下美妆
岳阳叶建美妆.,2019-06-18 09:11:50,"
岳阳楼区叶建美容美发咨询服务中心",gh_c313ee8184ee,化妆知识:睫毛修剪后会变长吗?,岳阳叶建美妆
"努力打造全球美妆护肤资讯!各种产品种草、评测、带你一起变美不踩雷!想看各种产品试用,比别人更快变美,就快来关注吧!",2019-02-23 20:29:12,"
厦门市宇希进出口有限公司",mzds999,"每日一店|便宜高颜值,实用的居家小物,从牙刷杯到浴室用品都有",Global美妆大赏
欢迎关注!每天分享穿搭、美妆、情感知识!让你成为更美的自己!,2019-02-20 17:32:40,"
吉安千翼网络科技有限公司",gh_af8b2c550968,"读书,让你成为一个蕙质兰心的女子!",品源美妆
深夜之旅.,2017-12-28 17:20:22,"
广州一起牛科技有限公司",gh_da87c6af6f80,"年底缺钱花,快来领免费元旦大礼!",美与美妆
"没有丑女人,只有懒女人,关注我们全球好货推荐,让自己每天漂亮一点,变成更好的自己..深圳市奕嘉贸易有限公司",2019-06-21 09:46:37,"
深圳市奕嘉贸易有限公司",YIJIA-BEAUTY,Sulwhasoo雪花秀 - 【宫中蜜皂】 - 排毒净化滋养美白,奕嘉美妆
专业致力于美妆与护肤研究,2019-05-29 09:46:55,"
福州百肤邦生物科技有限公司",ABbingbingxiu,"2色创意唇妆,李佳琦都没这么画过",AB美妆坊
"爱一丝美妆是一个美妆好货分享平台.在这里发现美好、真实、多元的美妆好货,找到有意思的美妆达人;与我们一起共同标记“美”一天的点滴.",2019-06-18 06:30:28,"
天津艾伊丝商贸有限公司",gh_ea8a19b8c3d0,JM、森田、SNP三款网红补水面膜 谁才是真正的“补水黑马”?,爱一丝美妆
"是你本人吗?怎么看着不像! 当然是我,只是化了妆,变漂亮了!",,"
深圳龙华区大灯笼日用品商城",dadenglong008,,大灯笼美妆
"荷尔蒙决定一见钟情,多巴胺决定天长地久.",,"
上海米虫网络科技有限公司",gh_238a3c18c1da,,DOBAN美妆多巴胺
一家只专注做美妆的商城,,"
嗒嗒网络科技(广州)有限公司",gh_f198c1fcc638,,嗒嗒美妆商城
期待与你们一起 遇见更美好的自己...,2019-06-13 19:30:33,"
阜新经济开发区富强汽车修配厂",gh_efff45bab283,"女同学聚会比大小,真丢人!",小仙的美妆日记
"最新潮的美妆资讯,好货推荐,化妆教学",2019-03-21 21:05:49,"
西安市汉长城保护区伊人商贸服务部",WWBeatty,金珉伊捐资20万成立浙传教育基金会珉伊国传人才培养基金,人参娃娃美妆店
蕊源美妆馆,2019-06-07 16:26:56,"
广州新媒时代网络科技有限公司",ruiyuanmzg,"粽粽情深,端午呈祥,蕊源在此祝亲爱的您端午安康!",蕊源美妆馆
画易时尚美妆小课堂.,2018-12-18 16:31:28,"
大连超凡电子商务有限公司",huayi989,"3分钟教你画斩男眼妆,新手小白都能秒会,肿眼泡也能放电啦!",画易时尚美妆
曼妮新娘美妆介绍,,"
郑州市管城区曼妮美妆沙龙",gh_a0c3ec45729b,,曼妮新娘美妆
"高品质,慢生活,小小蜗美妆记",,"
宁波有梦科技有限公司",gh_2518976eb073,,小小蜗美妆记
"专业护肤,美白常在!!!",,"
西安市莲湖区艳丽网套加工部",gh_8ff91c94fcd8,,香港艾尚美妆中心
让化妆和变美更简单!,2019-06-20 21:06:03,"
广州朗颜实业有限公司",gh_065fc85f19e2,"细数模仿过女明星的男艺人,你被谁惊艳到了?",简大小姐美妆日记
"ME蜜蜜淳,是在中美两国拥有护唇发明专利的口红品牌!ME蜜蜜淳美妆让你3分钟了解唇部护肤的所有秘密,并定期为你提供最新、有趣、有用、有品的美唇美妆内容,不想了解一下吗?",2019-06-06 18:07:23,"
广州贵有日用品有限公司",mimichunME,分享图片,ME蜜蜜淳美妆
"知名美妆博主,时尚美搭达人,分享你最新的热门咨询.",2019-06-04 17:37:21,"
广州尚丽网络科技投资有限公司",tys5121whz,"测评|夏日is comming,不想做“小黑妞”美白大法好",恋上美妆美搭
"主营女士化妆品,护肤品,品质保证!",,"
广州凯心网络科技有限公司",kx66nn,,依姿露时尚美妆
"很多年轻人舍得买苹果X手机、用昂贵的化妆品和包包,却不知道花同等的钱,在尚美就能学到真正的影视化妆技术,你渴望的自由、时尚、高薪的影视剧组化妆工作,来郑州尚美就能实现!影视明星化妆师纪华老师团队亲授...",,"
郑州航空港区锦荣悦汇城尚美时尚墨摄影",zzsmschool,,郑州尚美时尚影视美妆
"粉适家是乐安县瞳尔化妆用品有限公司旗下品牌,粉适家专注于做每一个美妆工具,追求产品的细节、品质的优越;融合了最新潮流元素,以时尚青春化为设计理念,把二者完美结合,充分彰显品牌的年轻和活力.",,"
乐安县瞳尔化妆用品有限公司",gh_8017abd7f7b4,,粉适家美妆工具
伊诗兰顿美妆专卖店,,"
北京简淘电子商务有限公司",gh_b1937ef7af30,,伊诗兰顿美妆专卖店
"大家好,我是pony,这是我的唯一官方账号,感谢关注!在这里,我会分享美妆护肤和时尚潮物的小心得,大家一起美美哒!안녕하세요 여러분~ 포니 입니다! 이 계정은 포니의 공식 계정입니다. 저의 채널에 와주셔서 감사합...",,"
从出道就被网友狂轰丑,如今换头、暴瘦几十斤变女神!document.write(timeConvert('1561004981'))
",ponycollection,,Pony美妆
一个看似胡说八道却一本正经的时尚号,,"
还打什么美白针!超良心单品,亲测28天让你白到发光!document.write(timeConvert('1559129447'))
",pooopmusic,,POP美妆
"每日更新,多多关注!",,"
怪不得妈妈从不穿连衣裙!这时尚T恤,更洋气好看,还显瘦百搭document.write(timeConvert('1561046412'))
",jmeizh8,,晋美妆
"每日更新,多多关注",,"
女人到了中年,穿衣讲究精致大方,以下3种穿法,美的很高级document.write(timeConvert('1561046457'))
",mzbang8,,美妆帮
"每日更新,欢迎关注",,"
天然“抗癌药”找到了,每天敞开吃,癌症或与你“失之交臂”document.write(timeConvert('1560873612'))
",meizo99,,美妆哦
"每日更新,多多关注",,"
肾虚的人,身体一般会有几个异常,一个没有说明你的肾很健康document.write(timeConvert('1561046409'))
",meizl88,,美妆论
"每日更新,随时关注",,"
阚清子分享懒人减肥法,体重保持80斤,只因做到这一点document.write(timeConvert('1561046456'))
",meizb8,,美妆班
"每日更新,多多关注",,"
40女人一枝花!夏天挑衣,材质有讲究,这4种让妈妈舒适又凉爽document.write(timeConvert('1561046443'))
",jjjt3739,,美妆坛
一切美妆,,"
眼药水要“谨慎”!日本网红眼药水导致“视力下降”,加拿大禁售document.write(timeConvert('1561046449'))
",hfh9595,,美妆说
每日更新 多多关注,,"
回购N次的平价湿敷水:用最少的钱,过最清爽的夏天!document.write(timeConvert('1561046419'))
",aimeiz6,,哎美妆
"每日更新,随时关注",,"
夏季男生搭配,西装范这次完败,网友:清新风才是整条街最靓的仔document.write(timeConvert('1561046417'))
",jjjt0245,,美妆啊
大话美妆,,"
性感coser在线卸妆!太刺激了啊啊啊!!!document.write(timeConvert('1561011643'))
",dahaumei,,大话美妆
"欢迎关注,每日更新!!!",,"
学生党也买得起!这8款平价又好用的护肤品,效果不输大牌!document.write(timeConvert('1560355208'))
",meizse6,,美妆事儿
美妆boss,,"
有了这瓶香水根本就不需要什么男朋友!document.write(timeConvert('1561011262'))
",mzboss1,,美妆boss
时尚指南; 美妆教程; 服饰搭配,,"
【搞笑GIF动态图】说去摸泥鳅抓虾,结果骗我去KTV!document.write(timeConvert('1561032045'))
",meili0633,,时尚美妆精选
美妆美妆美妆美妆,,"
免费领取38元洗脸巾!!蓝颜美妆6月会员福利来了!!document.write(timeConvert('1559305966'))
",lanyanmz,,蓝颜美妆
"每日更新,随时关注",,"
定妆粉那么多,3种方法正确挑选,选对了一整天都不脱妆document.write(timeConvert('1561046405'))
",jjjt0000,,美妆事
"分享各类时尚美甲,美妆",,"
伊朗真能击落美军侦察机?造价2亿美元堪比卫星,除非第二次犯错document.write(timeConvert('1561080086'))
",wsx18973340204,,女人帮美甲美妆
哈喽大家好我是美妆柯南/一个男的/微博@美妆柯南,,"
这款温和零刺激的中草药洁面应该没人不知道吧?document.write(timeConvert('1560862844'))
",meizhuangkenan,,美妆柯南
汪汪姐专业美妆、美学、化妆品品鉴!带你发现适合您的美!,,"
眼线一画就废?超详细新手眼线教程,一学就会!document.write(timeConvert('1561078591'))
",wangwangjie-mgp,,汪汪姐美妆MGP
"美容基础知识,培训,告知你养生护肤的重要性,美容,养生,刮痧,拔罐,胸部,臀部,肾部,面部,减肥!",,"
角质层为什么变薄了呢,该如何去护理呢!document.write(timeConvert('1560994272'))
",jz527618885,,金姿美妆
"每日更新,多多关注.",,"
女生25岁后该用哪些精华液修复肌肤?推荐5款精华,好用一生推document.write(timeConvert('1561068029'))
",yyzm1672,,美妆阅
滴滴答答,,"
曝光某医专渣男辅导员,骗炮被揭发还发信息威胁.....这也太可怕了!document.write(timeConvert('1560960536'))
",chaomei233,,潮流美妆师
美熟写真 护肤美容 亲子交流 化妆技巧营养养生 创业交流 心理健康 品质生活心理励志 生活妙招 营养交流 今日见闻健康生活,,"
熟女”的历练、智慧、温暖,甚至累积的脂肪所散发出的魅力让人无限...document.write(timeConvert('1561069391'))
",gh_e6a8fa9842ce,,美熟美妆荟
"进口护肤,彩妆潮品,网红新品,潮流小馆.",,"
【惠友荟美妆】夏季也要补水~拒绝干燥,水润护肤document.write(timeConvert('1560833456'))
",gh_c014ace4876d,,惠友荟美妆
"梵迪美斯丹顿:主经营面部基底修护,养生药针、药油、药酒、药柱、魔灸罐、泥灸!治疗各种身体疼痛!",,"
颈部淋巴、腋下淋巴、腹股沟淋巴,决定你的健康!document.write(timeConvert('1560988832'))
",gh_5a5e5fe348bf,,晋美妆业
"护肤品彩妆一网打尽,每天分享时下最流行的网红妆容~小仙女们还在等什么,快来关注我吧.",,"
化妆的妹子需要知道的妆后护理.....document.write(timeConvert('1560573118'))
",mzyunbj,,美妆云笔记
"每日更新,多多关注.",,"
别再傻傻用开塞露洗脸了!牙膏涂脸一天一次,皮肤嫩的掐出水document.write(timeConvert('1561046455'))
",yyzm4670,,说美妆吖
每日分享护肤小tisp、带你们种草拔草各种大牌平价美妆护肤品,,"
生活的美好document.write(timeConvert('1559664020'))
",Lmeizhuang5,,大L家美妆站
"没有丑女人,只有懒女人!关注美妆范提供有效的美容技巧,护肤知识,让您学会最简单有效的化妆技巧,选对化妆品,让您变得更加有魅力.",,"
这样洗脸,七十岁都没皱纹,不信你试试!document.write(timeConvert('1515586158'))
",MeizifV,,美妆范V
"分享国内外当红美妆流行资讯,加关注,我们一起变美吧~",,"
懒人快速化妆法,让你多睡半小时!还能比别人美!document.write(timeConvert('1560573136'))
",mzyundp,,美妆云搭配
"为女人,为更好的将来,一起教你美梦成真",,,menggc888,,时尚美妆梦工厂
女人;就得爱美丽!不要说你不会化妆!不要说你不懂打扮!这里是精致女人的聚集地.每天为您分享美容、养颜、瘦身、化妆等小技巧.漂亮;更近一步.,,"
华为P30,智能循环扇、口红……这些都是你藏起来的吗?document.write(timeConvert('1560590998'))
",Hots-SH,,品质美妆淘
变美没有说明书;但你有我,,"
59岁倪萍条纹衫哈伦牛仔裤,步履轻盈,10年前那个瘦的倪萍回来了document.write(timeConvert('1561025652'))
",sszxmz,,时尚在线美妆
"青岛颖尚名妆化妆美甲培训学校成立于2014年,是由中国著名造型师、知名时尚人士徐颖女士创办的.以个人形象设计、韩式新娘跟妆、时尚影楼班、化妆全能班为主的专业的青岛胶南化妆学校.",,"
化妆品小知识:保湿document.write(timeConvert('1560841809'))
",gh_5fd7ea95a043,,颖尚美妆
至叻爸媽,,"
广州市鸿驹网络科技有限公司",gh_ea33b4faae1a,,至靓美妆
梵雨美妆祝大家新年快乐~,2019-01-15 10:23:58,"
广州市兰亭集化妆品有限公司",gh_8ba744be9d4b,梵雨护肤品给你思想不到的惊喜,梵雨美妆
"分享国内外当红美妆流行资讯,加关注,我们一起变美吧~",,"
懒人快速化妆法,让你多睡半小时!还能比别人美!document.write(timeConvert('1560573136'))
",mzyundp,,美妆云搭配
"为女人,为更好的将来,一起教你美梦成真",,,menggc888,,时尚美妆梦工厂
女人;就得爱美丽!不要说你不会化妆!不要说你不懂打扮!这里是精致女人的聚集地.每天为您分享美容、养颜、瘦身、化妆等小技巧.漂亮;更近一步.,,"
华为P30,智能循环扇、口红……这些都是你藏起来的吗?document.write(timeConvert('1560590998'))
",Hots-SH,,品质美妆淘
变美没有说明书;但你有我,,"
59岁倪萍条纹衫哈伦牛仔裤,步履轻盈,10年前那个瘦的倪萍回来了document.write(timeConvert('1561025652'))
",sszxmz,,时尚在线美妆
"青岛颖尚名妆化妆美甲培训学校成立于2014年,是由中国著名造型师、知名时尚人士徐颖女士创办的.以个人形象设计、韩式新娘跟妆、时尚影楼班、化妆全能班为主的专业的青岛胶南化妆学校.",,"
化妆品小知识:保湿document.write(timeConvert('1560841809'))
",gh_5fd7ea95a043,,颖尚美妆
至叻爸媽,,"
广州市鸿驹网络科技有限公司",gh_ea33b4faae1a,,至靓美妆
梵雨美妆祝大家新年快乐~,2019-01-15 10:23:58,"
广州市兰亭集化妆品有限公司",gh_8ba744be9d4b,梵雨护肤品给你思想不到的惊喜,梵雨美妆
